<?xml version="1.0" encoding="UTF-8"?>
<!DOCTYPE configuration
  PUBLIC "-//mybatis.org//DTD Config 3.0//EN"
  "http://mybatis.org/dtd/mybatis-3-config.dtd">
<configuration>
	<settings>
		<setting name="mapUnderscoreToCamelCase" value="true"/>
	</settings>
	
	<typeAliases>
<!-- 		<typeAlias type="exam.vo.MemberVo" alias="memberVo"/> -->
<!-- 		<typeAlias type="exam.vo.BoardVo" alias="boardVo"/> -->
		<package name="vo"/>
	</typeAliases>

	<environments default="development">
		<environment id="development">
			<transactionManager type="JDBC" /><!-- JDBC면 수동커밋 -->
			<dataSource type="POOLED">
				<property name="driver" value="com.mysql.cj.jdbc.Driver" />
				<property name="url" value="jdbc:mysql://localhost:3306/prjdb?useUnicode=true&amp;characterEncoding=utf8&amp;allowPublicKeyRetrieval=true&amp;useSSL=false&amp;serverTimezone=Asia/Seoul" />
				<property name="username" value="gymmember" />
				<property name="password" value="member" />
			</dataSource>
		</environment>
	</environments>
	
	<mappers>
		<!-- exam.mapper 패키지의 인터페이스를 구현한 
		     Mapper 객체를 자동으로 만들어서 메모리에 준비함 -->
<!--  		 <package name="mapper"/>
 -->	
   	
		<mapper class="mapper.MemberMapper" />
		<mapper class="mapper.BoardMapper"/>
		<mapper class="mapper.FileMapper"/> 
	</mappers>
</configuration>








