<?xml version="1.0" encoding="UTF-8"?>
<!DOCTYPE mapper
  PUBLIC "-//mybatis.org//DTD Mapper 3.0//EN"
  "http://mybatis.org/dtd/mybatis-3-mapper.dtd">
<mapper namespace="mapper.BoardMapper">
	
	<insert id="insertCf">
		INSERT INTO board_cf(num,name,title,content,readcount,reg_date,re_ref,re_lev,re_seq)
		VALUES(#{num},#{name},#{title},#{content},#{readcount},#{regDate},#{reRef},#{reLev},#{reSeq})
	</insert>
	
	<select id="getBoardByNum" resultType="boardVo">
		SELECT * FROM board WHERE num = #{num}
	</select>
	
	<select id="getTotalCountfmCf" resultType="int">
		SELECT COUNT(*)
		FROM board_cf
		<if test="category == 'content'">
			WHERE content LIKE CONCAT('%', #{search}, '%')
		</if>
		<if test="category == 'title'">
			WHERE title LIKE CONCAT('%', #{search}, '%')
		</if>
		<if test="category == 'name'">
			WHERE name LIKE CONCAT('%', #{search}, '%')
		</if>
	</select>
	
	<select id="getCfBoards" resultType="boardVo">
		SELECT * 
		FROM board_cf 
		<if test="category == 'content'">
			WHERE content LIKE CONCAT('%', #{search}, '%')
		</if>
		<if test="category == 'title'">
			WHERE subject LIKE CONCAT('%', #{search}, '%')
		</if>
		<if test="category == 'name'">
			WHERE name LIKE CONCAT('%', #{search}, '%')
		</if>
		ORDER BY re_ref DESC, re_seq ASC 
		LIMIT #{startRow}, #{pageSize} 
	</select>
	
	<select id="updateReadCntCf">
		UPDATE board_cf
		SET readcount = readcount+1
		WHERE num =#{num}
	</select>
	
	<select id="getBoardCfByNum" resultType ="BoardVo">
		SELECT * FROM board_cf WHERE num=#{num}
	</select>
	
	<select id="getAllInfosByNum" resultMap="AllInfos">
		SELECT b.num, b.name, b.title, b.content, b.readcount, b.reg_date, b.re_ref, b.re_lev, b.re_seq, a.* 
		FROM board_cf b LEFT OUTER JOIN files_cf a 
		ON b.num = a.bno 
		WHERE b.num = #{num} 
	</select>
	
	<resultMap id="AllInfos" type="boardVo">
		<id column="num" property="num" />
		<result column="name" property="name" />
		<result column="title" property="title" />
		<result column="content" property="content" />
		<result column="readcount" property="readcount" />
		<result column="reg_date" property="regDate" />
		<result column="re_ref" property="reRef" />
		<result column="re_lev" property="reLev" />
		<result column="re_seq" property="reSeq" />
		<collection property="fileList" ofType="fileVo">
			<id column="uuid" property="uuid"/>
			<result column="filename" property="filename"/>
			<result column="uploadpath" property="uploadpath"/>
			<result column="image" property="image"/>
			<result column="bno" property="bno"/>
		</collection>
	</resultMap>
	
	<update id="updateReSeqByReRef">
		UPDATE board_cf 
		SET re_seq = re_seq + 1 
		WHERE re_ref = #{reRef} 
		AND re_seq > #{reSeq} 
	</update>
	
	<update id="updateCf">
		UPDATE board_cf
		SET name = #{name}, title = #{title}, content = #{content} 
		WHERE num = #{num}		
	</update>
</mapper>